Workbook
Name WorkType: Config!#REF!

Sheet Read-Me
B2: Instruction Manual for WBS Template
B4: This template is designed to assist project managers in estimating and tracking efforts for various project tasks. It organizes tasks by complexity and work types, providing a structured way to manage and update project efforts. The workflow covers five main sheets:
B5: 1. Estimation Details
B6: 2. Pre-Estimate Checklist
B7: 3. Effort Summary
B8: 4. Estimation WBS
B9: 5. Complexity & Effort
B10: 6. Key RAID
B11: 7.Config
B13: 1. Estimation Details Sheet
B15: Purpose: Capture all relevant project and client information to set the context for estimation and track changes.
B17: Columns to Update:
... B101: The Config sheet contains predefined fields for Domain, Practice, measurement units, Engagement Type, RAID details, Contingency %, and Productivity Adjustment factors, which are locked for general users. Users must contact the Template Administrator for any updates or changes to this non-editable sheet.

Sheet Estimation Details
B5: Estimation Details | E5: Estimation change History
B6: Project ID & Project Name (FreshSales) | C6: 90000 - DIOOOJ | E6: Estimation Date | F6: Estimation Version | G6: Document Revision History | H6: Estimated /Revised By | I6: Approved By
B7: Client ID & Name (FreshSales) | C7: 900000 - Project name | E7: 45676 | F7: 1 | G7: Initial Estimate | H7: Delivery manager / PM
B8: Date of Estimate (DD-MM-YYYY) | C8: 45841
B9: Engagement Start Date (DD-MM-YYYY)
B10: Engagement Type | C10: Fixed Price
B11: Expected Duration (Months)
B12: Domain | C12: PS&D - Public Sector & Defense
B13: Practice | C13: Databricks
B14: Project Description(Brief)
B15: Requirements Availability
B16: Requirements stability
B17: Stringent Quality Requirements
B18: Stringent Process Requirements

Sheet Pre-estimate checklist
B2: Pre-estimate checklist:
B3: Project Process | C3: Yes | D3: No | E3: Not necessary | F3: Remarks
B5: Requirements
B6: Are the Project Requirements clearly documented and Understood? (by both Exponentia and the Client?) | D6: X
B7: Is the criteria for meeting each requirement defined? | D7: X
B8: Are the Project Requirements Baselined (Under change control)? | D8: X
B9: Is there a "Client approved" plan for Requirements changes? | D9: X
B10: Has a Requirements Traceability Matrix been developed? | D10: X
B11: Have the requirements been validated against the business objectives? | D11: X
B12: Have you considered all of the processes that must be followed during the project life cycle | D12: X
B13: Have you considered all of the interfaces that must be adhered to? | D13: X
B16: Scoping
B17: Has a Statement of Work (SOW) been reviewed/approved by the Client | D17: X
B18: Has the Statement of Work been reviewed by delivery team | D18: X
B19: Has a Work Breakdown Structure (WBS) been reviewed by the Client | D19: X
B20: Has the WBS been reviewed by delivery team | D20: X
B23: Risk
B24: Has a formal Risk Assessment been done? (including probability, impacts, avoidance & recovery) | D24: X
B25: Is there an approved Risk Management Plan? | D25: X
B26: Was a Client representative involved with the Risk Management Plan? | D26: X
B27: Were appropriate delivery team resources involved in the Risk Management Plan? | D27: X
B30: Environments
B31: Is the process for identifying, acquiring, establishing, and verifying the environment understood and included in the plans for the project? | D31: X
B32: Is the Development environment adequate to support the project? | D32: X
B33: Is the Operational environment adequate to support the project? | D33: X
B36: Resources
B37: Are appropriate resources available for the project? | D37: X
B38: Are the resources committed to participate in the required activities? | D38: X
B39: Is there a training plan to cover deficiencies? | D39: X

Sheet Efforts Summary
B2: =_xlfn.CONCAT("Summary of Efforts for :- ", 'Estimation Details'!C6) -> Summary of Efforts for :- 90000 - DIOOOJ
B3: Activities | C3: Phase | D3: Effort Distribution % wrt CUT | E3: Effort Distribution % wrt Total Effort | F3: Estimated Effort (Hrs) | G3: Adjusted Efforts (Hrs) Distribution | H3: Final Effort (Hrs) | I3: Final Effort (MD) | J3: Final Effort (MW) | K3: Justification / Remark for Adjustment (It is mandatory to update this, if effort is adjusted in the column F)
B4: Business Architecture & Environment Setup | C4: L1 | D4: 0.05 | E4: =IF($F$20>0,F4/$F$20,0) -> 0 | F4: =$F$8*D4 -> 0 | H4: =IF(G4>0,G4,F4) -> 0 | I4: =H4/Config!$H$3 -> 0 | J4: =I4/Config!$H$4 -> 0
B5: Requirement Development | C5: L2 | D5: 0.2 | E5: =IF($F$20>0,F5/$F$20,0) -> 0 | F5: =$F$8*D5 -> 0 | H5: =IF(G5>0,G5,F5) -> 0 | I5: =H5/Config!$H$3 -> 0 | J5: =I5/Config!$H$4 -> 0
B6: Software Architecture and Functional Design | C6: L3 | D6: 0.2 | E6: =IF($F$20>0,F6/$F$20,0) -> 0 | F6: =$F$8*D6 -> 0 | H6: =IF(G6>0,G6,F6) -> 0 | I6: =H6/Config!$H$3 -> 0 | J6: =I6/Config!$H$4 -> 0
B7: Requirement Assessment and Detailed Design | C7: L4 | D7: 0.2 | E7: =IF($F$20>0,F7/$F$20,0) -> 0 | F7: =$F$8*D7 -> 0 | H7: =IF(G7>0,G7,F7) -> 0 | I7: =H7/Config!$H$3 -> 0 | J7: =I7/Config!$H$4 -> 0
B8: Coding and Unit Test | C8: L5 | D8: 1 | E8: =IF($F$20>0,F8/$F$20,0) -> 0 | F8: ='Estimation-WBS'!O5*D21 -> 0 | H8: =IF(G8>0,G8,F8) -> 0 | I8: =H8/Config!$H$3 -> 0 | J8: =I8/Config!$H$4 -> 0
B9: Integration Testing | C9: L6 | D9: 0.2 | E9: =IF($F$20>0,F9/$F$20,0) -> 0 | F9: =$F$8*D9 -> 0 | H9: =IF(G9>0,G9,F9) -> 0 | I9: =H9/Config!$H$3 -> 0 | J9: =I9/Config!$H$4 -> 0
B10: System Testing | C10: L7 | D10: 0.2 | E10: =IF($F$20>0,F10/$F$20,0) -> 0 | F10: =$F$8*D10 -> 0 | H10: =IF(G10>0,G10,F10) -> 0 | I10: =H10/Config!$H$3 -> 0 | J10: =I10/Config!$H$4 -> 0
B11: Document Preperations | C11: L8 | D11: 0.1 | E11: =IF($F$20>0,F11/$F$20,0) -> 0 | F11: =$F$8*D11 -> 0 | H11: =IF(G11>0,G11,F11) -> 0 | I11: =H11/Config!$H$3 -> 0 | J11: =I11/Config!$H$4 -> 0
B12: User Acceptance Test - UAT (Support) | C12: L9 | D12: 0.1 | E12: =IF($F$20>0,F12/$F$20,0) -> 0 | F12: =$F$8*D12 -> 0 | H12: =IF(G12>0,G12,F12) -> 0 | I12: =H12/Config!$H$3 -> 0 | J12: =I12/Config!$H$4 -> 0
B13: Prepare Production and Deployment | C13: L10 | D13: 0.1 | E13: =IF($F$20>0,F13/$F$20,0) -> 0 | F13: =$F$8*D13 -> 0 | H13: =IF(G13>0,G13,F13) -> 0 | I13: =H13/Config!$H$3 -> 0 | J13: =I13/Config!$H$4 -> 0
B14: Production Support - Hyper Care | C14: L11 | D14: 0.1 | E14: =IF($F$20>0,F14/$F$20,0) -> 0 | F14: =$F$8*D14 -> 0 | H14: =IF(G14>0,G14,F14) -> 0 | I14: =H14/Config!$H$3 -> 0 | J14: =I14/Config!$H$4 -> 0
B15: Any other Task/Activity | C15: L12 | E15: =IF($F$20>0,F15/$F$20,0) -> 0 | H15: =IF(G15>0,G15,F15) -> 0 | I15: =H15/Config!$H$3 -> 0 | J15: =I15/Config!$H$4 -> 0
B16: Total Efforts | D16: =SUM(D4:D15) -> 2.45 | F16: =SUM(F4:F15) -> 0 | H16: =SUM(H4:H15) -> 0 | I16: =SUM(I4:I15) -> 0 | J16: =SUM(J4:J15) -> 0
B17: Project Mgmt + Quality Mgmt | D17: 0.2 | E17: =IF($F$20>0,F17/$F$20,0) -> 0 | F17: =F16*$D$17 -> 0 | H17: =H16*$D$17 -> 0 | I17: =I16*$D$17 -> 0 | J17: =J16*$D$17 -> 0
B18: Total Efforts (Inc Project Mgmt + Quality Mgmt) | E18: =IF($F$20>0,F18/$F$20,0) -> 0 | F18: =SUM(F16:F17) -> 0 | H18: =SUM(H16:H17) -> 0 | I18: =SUM(I16:I17) -> 0 | J18: =SUM(J16:J17) -> 0
B19: Contingency% | D19: 10 | E19: =IF($F$20>0,F19/$F$20,0) -> 0 | F19: =F18*$D$19/100 -> 0 | H19: =H18*$D$19/100 -> 0 | I19: =I18*$D$19/100 -> 0 | J19: =J18*$D$19/100 -> 0
B20: Grand Total Efforts (Including Contingency) | F20: =F18+F19 -> 0 | H20: =H18+H19 -> 0 | I20: =I18+I19 -> 0 | J20: =J18+J19 -> 0
B21: Productivity Adjustment Factor | D21: 1

Sheet Estimation-WBS
B2: Work Breakdown Structure (WBS)
B3: # SEQ No | C3: Work/Package Type | D3: Category | E3: #Objects to be | H3: Category Code | I3: Base Effort (Hrs) /Object/Complexity & Category | L3: Estimated Effort (Hrs) /Object/Category | O3: Total Effort
E4: Created | F4: Modified | G4: Deleted | I4: Create | J4: Modify | K4: Delete | L4: Create | M4: Modify | N4: Delete
B5: # | D5: Total | E5: =SUM(E6:E29) -> 0 | F5: =SUM(F6:F29) -> 0 | G5: =SUM(G6:G29) -> 0 | I5: =SUM(I6:I29) -> 0 | J5: =SUM(J6:J29) -> 0 | K5: =SUM(K6:K29) -> 0 | L5: =SUM(L6:L29) -> 0 | M5: =SUM(M6:M29) -> 0 | N5: =SUM(N6:N29) -> 0 | O5: =SUM(O6:O29) -> 0
B6: 1 | H6: =C6&"|"&D6 -> | | I6: {=_xlfn.XLOOKUP(H6,'Complexity & Effort'!F:F,'Complexity & Effort'!G:I,0)} -> 0 | J6: 0 | K6: 0 | L6: =E6*I6 -> 0 | M6: =F6*J6 -> 0 | N6: =G6*K6 -> 0 | O6: =SUM(L6:N6) -> 0
B7: 2 | H7: =C7&"|"&D7 -> | | I7: {=_xlfn.XLOOKUP(H7,'Complexity & Effort'!F:F,'Complexity & Effort'!G:I,0)} -> 0 | J7: 0 | K7: 0 | L7: =E7*I7 -> 0 | M7: =F7*J7 -> 0 | N7: =G7*K7 -> 0 | O7: =SUM(L7:N7) -> 0
B8: 3 | H8: =C8&"|"&D8 -> | | I8: {=_xlfn.XLOOKUP(H8,'Complexity & Effort'!F:F,'Complexity & Effort'!G:I,0)} -> 0 | J8: 0 | K8: 0 | L8: =E8*I8 -> 0 | M8: =F8*J8 -> 0 | N8: =G8*K8 -> 0 | O8: =SUM(L8:N8) -> 0
B9: 4 | H9: =C9&"|"&D9 -> | | I9: {=_xlfn.XLOOKUP(H9,'Complexity & Effort'!F:F,'Complexity & Effort'!G:I,0)} -> 0 | J9: 0 | K9: 0 | L9: =E9*I9 -> 0 | M9: =F9*J9 -> 0 | N9: =G9*K9 -> 0 | O9: =SUM(L9:N9) -> 0
B10: 5 | H10: =C10&"|"&D10 -> | | I10: {=_xlfn.XLOOKUP(H10,'Complexity & Effort'!F:F,'Complexity & Effort'!G:I,0)} -> 0 | J10: 0 | K10: 0 | L10: =E10*I10 -> 0 | M10: =F10*J10 -> 0 | N10: =G10*K10 -> 0 | O10: =SUM(L10:N10) -> 0
B11: 6 | H11: =C11&"|"&D11 -> | | I11: {=_xlfn.XLOOKUP(H11,'Complexity & Effort'!F:F,'Complexity & Effort'!G:I,0)} -> 0 | J11: 0 | K11: 0 | L11: =E11*I11 -> 0 | M11: =F11*J11 -> 0 | N11: =G11*K11 -> 0 | O11: =SUM(L11:N11) -> 0
B12: 7 | H12: =C12&"|"&D12 -> | | I12: {=_xlfn.XLOOKUP(H12,'Complexity & Effort'!F:F,'Complexity & Effort'!G:I,0)} -> 0 | J12: 0 | K12: 0 | L12: =E12*I12 -> 0 | M12: =F12*J12 -> 0 | N12: =G12*K12 -> 0 | O12: =SUM(L12:N12) -> 0
B13: 8 | H13: =C13&"|"&D13 -> | | I13: {=_xlfn.XLOOKUP(H13,'Complexity & Effort'!F:F,'Complexity & Effort'!G:I,0)} -> 0 | J13: 0 | K13: 0 | L13: =E13*I13 -> 0 | M13: =F13*J13 -> 0 | N13: =G13*K13 -> 0 | O13: =SUM(L13:N13) -> 0
B14: 9 | H14: =C14&"|"&D14 -> | | I14: {=_xlfn.XLOOKUP(H14,'Complexity & Effort'!F:F,'Complexity & Effort'!G:I,0)} -> 0 | J14: 0 | K14: 0 | L14: =E14*I14 -> 0 | M14: =F14*J14 -> 0 | N14: =G14*K14 -> 0 | O14: =SUM(L14:N14) -> 0
B15: 10 | H15: =C15&"|"&D15 -> | | I15: {=_xlfn.XLOOKUP(H15,'Complexity & Effort'!F:F,'Complexity & Effort'!G:I,0)} -> 0 | J15: 0 | K15: 0 | L15: =E15*I15 -> 0 | M15: =F15*J15 -> 0 | N15: =G15*K15 -> 0 | O15: =SUM(L15:N15) -> 0
B16: 12 | H16: =C16&"|"&D16 -> | | I16: {=_xlfn.XLOOKUP(H16,'Complexity & Effort'!F:F,'Complexity & Effort'!G:I,0)} -> 0 | J16: 0 | K16: 0 | L16: =E16*I16 -> 0 | M16: =F16*J16 -> 0 | N16: =G16*K16 -> 0 | O16: =SUM(L16:N16) -> 0
B17: 13 | H17: =C17&"|"&D17 -> | | I17: {=_xlfn.XLOOKUP(H17,'Complexity & Effort'!F:F,'Complexity & Effort'!G:I,0)} -> 0 | J17: 0 | K17: 0 | L17: =E17*I17 -> 0 | M17: =F17*J17 -> 0 | N17: =G17*K17 -> 0 | O17: =SUM(L17:N17) -> 0
... B29: 25 | H29: =C29&"|"&D29 -> | | I29: {=_xlfn.XLOOKUP(H29,'Complexity & Effort'!F:F,'Complexity & Effort'!G:I,0)} -> 0 | J29: 0 | K29: 0 | L29: =E29*I29 -> 0 | M29: =F29*J29 -> 0 | N29: =G29*K29 -> 0 | O29: =SUM(L29:N29) -> 0

Sheet Complexity & Effort
B2: Work Type | C2: Definition | D2: Complexity / Criterion | E2: Category | F2: Category Code | G2: Create | H2: Modify | I2: Delete
B3: Database | C3: A database is container that hold relational tables and other database structures that store and process data/metadata. Each database has its own properties such as Permanent Space, Spool Space, Temp Space, Access rights, Security details | D3: Database creation with simple configurations | E3: Simple | F3: =B3&"|"&E3 -> Database|Simple | G3: 2 | H3: 1 | I3: 0.5
B4: Database | D4: a database with a moderate size and data volume with basic transactional application support | E4: Medium | F4: =B4&"|"&E4 -> Database|Medium | G4: 4 | H4: 2 | I4: 0.5
B5: Database | D5: Database creation with advanced data types, intricate partitioning options, complex performance tuning mechanisms, robust security configurations | E5: Complex | F5: =B5&"|"&E5 -> Database|Complex | G5: 4 | H5: 2 | I5: 0.5
B6: Database | D6: Database creation with advanced data types, intricate partitioning options, complex performance tuning mechanisms, robust security configurations, Multitenant architecture, Replication etc | E6: Very Complex | F6: =B6&"|"&E6 -> Database|Very Complex | G6: 6 | H6: 3 | I6: 0.5
B7: Database Stored Procedures | C7: A stored procedure is a set of structured query language statement with an assigned name that is stored in the database in compiled form so that it can be shared by a number of programs | D7: Procedure involving single target / source Simple Calculation / aggregation | E7: Simple | F7: =B7&"|"&E7 -> Database Stored Procedures|Simple | G7: 4 | H7: 2 | I7: 0.5
B8: Database Stored Procedures | D8: Procedure involving 2-5 target / source medium Calculation / aggregation | E8: Medium | F8: =B8&"|"&E8 -> Database Stored Procedures|Medium | G8: 8 | H8: 4 | I8: 0.5
B9: Database Stored Procedures | D9: Procedure involving >5 target / source Complex Calculation / aggregation and KPI | E9: Complex | F9: =B9&"|"&E9 -> Database Stored Procedures|Complex | G9: 16 | H9: 8 | I9: 0.5
B10: Database Stored Procedures | D10: High-performance stored procedures with complex logic, recursive queries, and integration with other services. | E10: Very Complex | F10: =B10&"|"&E10 -> Database Stored Procedures|Very Complex | G10: 32 | H10: 16 | I10: 0.5
B11: Database Tables | C11: A Table is set of data element (values) using a model of vertical columns (identifiable by name) and horizontal rows, the cell being the Unit where a Row and Col intersect. A table has specified number of COL but can have any number of ROWS | D11: <= 15 columns - No constraints - No triggers - Standard data types (e.g., INT, VARCHAR) | E11: Simple | F11: =B11&"|"&E11 -> Database Tables|Simple | G11: 2 | H11: 1 | I11: 0.5
B12: Database Tables | D12: <= 30 columns - Basic constraints (e.g., PRIMARY KEY, UNIQUE) - <= 2 triggers - Foreign keys (<= 5) | E12: Medium | F12: =B12&"|"&E12 -> Database Tables|Medium | G12: 4 | H12: 2 | I12: 0.5
B13: Database Tables | D13: > 35 columns - Multiple constraints (PRIMARY KEY, UNIQUE, CHECK) - Multiple triggers (<= 5) - Foreign keys (> 5) | E13: Complex | F13: =B13&"|"&E13 -> Database Tables|Complex | G13: 8 | H13: 4 | I13: 0.5
B14: Database Tables | D14: > 50 columns - Advanced constraints and indexing - Multiple triggers (>= 5) - Partitioning - Complex foreign key relationships | E14: Very Complex | F14: =B14&"|"&E14 -> Database Tables|Very Complex | G14: 16 | H14: 8 | I14: 0.5
B15: Data mart | C15: Data mart is a subset of the data warehouse that is usually oriented to a specific business line or team. Data mart are small slices of the data warehouse. whereas Data warehouse have a enterprise wide depth, the information in data data mart pertain to single departments | D15: <=3 Fact Tables <= 10 unique KPI Measures No extensive physical design expected ( e.g. Partitioning / Indexing) | E15: Simple | F15: =B15&"|"&E15 -> Data mart|Simple | G15: 16 | H15: 8 | I15: 0.5
B16: Data mart | D16: <=10 Fact Tables <= 40 Unique KPI Measures No extensive physical design expected ( e.g. Partitioning / Indexing) | E16: Medium | F16: =B16&"|"&E16 -> Data mart|Medium | G16: 32 | H16: 16 | I16: 0.5
B17: Data mart | D17: >10 Fact Tables > 40 unique KPI Measures Extensive physical design expected ( e.g. Partitioning / Indexing) Advanced data marts with complex transformations, data quality checks, and multiple source integrations. | E17: Complex | F17: =B17&"|"&E17 -> Data mart|Complex | G17: 64 | H17: 32 | I17: 0.5
B18: Data mart | D18: >10 Fact Tables > 40 unique KPI Measures Extensive physical design expected ( e.g. Partitioning / Indexing) Large-scale, enterprise-level data marts with real-time data integration, dynamic updates, and heavy data transformations. | E18: Very Complex | F18: =B18&"|"&E18 -> Data mart|Very Complex | G18: 128 | H18: 64 | I18: 0.5
B19: Extract Transform Load-ETL | C19: ETL ( Extract, Transform, Load) is a process in data warehousing responsible for pulling data out of the source system and placing into target | D19: Includes components for data upload or retrieval, with minimum data processing logic - Simple SQL (source / target) - 0 to 2 lookups / easy validation - 0 to 3 transformation / calculations - minimal control flow logics ( if-the, case, decision tree etc) | E19: Simple | F19: =B19&"|"&E19 -> Extract Transform Load-ETL|Simple | G19: 8 | H19: 4 | I19: 0.5
B20: Extract Transform Load-ETL | D20: Includes components for moderate data processing logic - A few SQL of Moderate complexity ( e.g. simple join/union (source / target) - Up to 2 lookups / validation - 4 to 6 transformation / calculations of moderate complexity - come control flow logic and / or (configurations) parameters involved | E20: Medium | F20: =B20&"|"&E20 -> Extract Transform Load-ETL|Medium | G20: 16 | H20: 8 | I20: 0.5
B21: Extract Transform Load-ETL | D21: Includes extensive data processing logic with Numerous complex transformations - Multiple SQL with join/union / filtering / aggregations (source / target) - 2 to 5 lookups / validation - 6 to 10 transformation / calculations, use of external subroutines - parallel / segmented processing of the data stream | E21: Complex | F21: =B21&"|"&E21 -> Extract Transform Load-ETL|Complex | G21: 32 | H21: 16 | I21: 0.5
B22: Extract Transform Load-ETL | D22: Real-time integration Complex transformations (e.g., aggregations, multi-step filters) Extensive error handling and logging High-volume dataset (> 10M rows) | E22: Very Complex | F22: =B22&"|"&E22 -> Extract Transform Load-ETL|Very Complex | G22: 64 | H22: 32 | I22: 0.5
B23: Power Exchange (CDC) | C23: Change Data Capture (CDC) records for insert. update and delete activity that is applied to a database table. This makes the details of the the changes available in an easily consumed relational format. | D23: Change Data Capture (CDC) for tables < 35 COL | E23: Simple | F23: =B23&"|"&E23 -> Power Exchange (CDC)|Simple | G23: 8 | H23: 4 | I23: 0.5
B24: Power Exchange (CDC) | D24: Change Data Capture (CDC) for tables > 35 COL and < 100 COLs | E24: Medium | F24: =B24&"|"&E24 -> Power Exchange (CDC)|Medium | G24: 16 | H24: 8 | I24: 0.5
B25: Power Exchange (CDC) | D25: Change Data Capture (CDC) for tables > 100 COL and < 150 COLs | E25: Complex | F25: =B25&"|"&E25 -> Power Exchange (CDC)|Complex | G25: 32 | H25: 16 | I25: 0.5
B26: Power Exchange (CDC) | D26: Change Data Capture (CDC) for tables > 150 COL | E26: Very Complex | F26: =B26&"|"&E26 -> Power Exchange (CDC)|Very Complex | G26: 64 | H26: 32 | I26: 0.5
B27: Unix Shell Scripts | C27: A Unix shell script is a text file containing a group of commands that could be manually executed one by one at the Unix operating system command prompt | D27: Scripts having <=2 commands for file/directory/folder management | E27: Simple | F27: =B27&"|"&E27 -> Unix Shell Scripts|Simple | G27: 1 | H27: 1 | I27: 0.5
B28: Unix Shell Scripts | D28: FTP Scripts, File Movements | E28: Medium | F28: =B28&"|"&E28 -> Unix Shell Scripts|Medium | G28: 2 | H28: 2 | I28: 0.5
B29: Unix Shell Scripts | D29: FTP Scripts, File Movements and manipulation | E29: Complex | F29: =B29&"|"&E29 -> Unix Shell Scripts|Complex | G29: 4 | H29: 4 | I29: 0.5
B30: Unix Shell Scripts | D30: Shell scripts with file processing | E30: Very Complex | F30: =B30&"|"&E30 -> Unix Shell Scripts|Very Complex | G30: 8 | H30: 8 | I30: 0.5
B31: Configuration Objects | C31: Configuration objects refer to the customizable components or settings within a system that define how it behaves or interacts with other systems. These include business rules, workflows, user roles, access control, parameter values, system settings, and other objects that allow for customization without altering the core code of the system. | D31: Basic configuration objects with minimal logic, such as simple business rules or user roles. Typically involves static values or simple validation logic. | E31: Simple | F31: =B31&"|"&E31 -> Configuration Objects|Simple | G31: 8 | H31: 4 | I31: 0.5
B32: Configuration Objects | D32: Configuration objects with moderate complexity, involving multiple parameters, conditional logic, and basic error handling. May include some integration with other systems or datasets. | E32: Medium | F32: =B32&"|"&E32 -> Configuration Objects|Medium | G32: 16 | H32: 8 | I32: 0.5
B33: Configuration Objects | D33: Advanced configuration objects that include complex business rules, workflows, multi-step processes, and integration with external systems. Involves thorough testing and optimization for efficiency. | E33: Complex | F33: =B33&"|"&E33 -> Configuration Objects|Complex | G33: 32 | H33: 16 | I33: 0.5
B34: Configuration Objects | D34: Highly sophisticated configuration objects, often involving real-time integrations, dynamic business rules, and extensive parameterization. Can include highly customizable workflows, API integrations, and extensive testing. | E34: Very Complex | F34: =B34&"|"&E34 -> Configuration Objects|Very Complex | G34: 64 | H34: 32 | I34: 0.5
B35: Database Views | C35: Database view is a virtual table that shows a subset of a database's data in a user-friendly format. Database views are created from queries that run on one or more tables in the database. | D35: Simple views that aggregate data from one or two tables without complex transformations or filtering. Basic queries with basic joins. | E35: Simple | F35: =B35&"|"&E35 -> Database Views|Simple | G35: 4 | H35: 2 | I35: 0.5
B36: Database Views | D36: Views that involve multiple joins or more complex filters. May include aggregate functions or subqueries, but not requiring significant optimization. | E36: Medium | F36: =B36&"|"&E36 -> Database Views|Medium | G36: 8 | H36: 4 | I36: 0.5
B37: Database Views | D37: Multiple data sources, advanced filtering, joins, aggregation, and transformations. Performance optimization for large datasets or complex queries. | E37: Complex | F37: =B37&"|"&E37 -> Database Views|Complex | G37: 24 | H37: 8 | I37: 0.5
B38: Database Views | D38: Multiple data sources, real-time data aggregation, complex logic, advanced error handling, and high-performance optimization. Often requires indexing and fine-tuning for large datasets. | E38: Very Complex | F38: =B38&"|"&E38 -> Database Views|Very Complex | G38: 32 | H38: 16 | I38: 0.5
B39: Database Functions | C39: Database function is a specialized procedure within a database that performs a specific task, like a calculation or data manipulation, by accepting input parameters and returning a result as a single value or a set of data | D39: Simple functions with basic calculations, such as summing or counting values. Minimal or no error handling, designed for specific, straightforward tasks. | E39: Simple | F39: =B39&"|"&E39 -> Database Functions|Simple | G39: 8 | H39: 4 | I39: 0.5
B40: Database Functions | D40: Functions that include intermediate-level logic, such as conditional statements, data transformations, and aggregations. Some error handling and performance considerations. | E40: Medium | F40: =B40&"|"&E40 -> Database Functions|Medium | G40: 16 | H40: 8 | I40: 0.5
B41: Database Functions | D41: Complex functions that perform intricate calculations, nested logic, or multiple levels of transformations. Often involves performance optimization, scalability, and error handling for large data volumes. | E41: Complex | F41: =B41&"|"&E41 -> Database Functions|Complex | G41: 32 | H41: 16 | I41: 0.5
B42: Database Functions | D42: Advanced functions with nested queries, dynamic logic, performance optimization, and integration with other systems or processes. Designed for high scalability and efficiency in real-time or large-scale applications. | E42: Very Complex | F42: =B42&"|"&E42 -> Database Functions|Very Complex | G42: 40 | H42: 24 | I42: 0.5
B43: Power BI-Dashboards | C43: Power BI dashboards involve gathering, analysing, designing and creating interactive data visualizations by pulling data from various sources to deliver actionable insights through interactive dashboards. These dashboards enable decision-makers to track key performance indicators (KPIs) and make data-driven decisions in real-time. | D43: 1-3 sheets, single source, 4-6 metrics, 1-3 filters, simple table/visuals, simple data model, no/simple transformations | E43: Simple | F43: =B43&"|"&E43 -> Power BI-Dashboards|Simple | G43: 16 | H43: 8 | I43: 0.5
B44: Power BI-Dashboards | D44: 3-5 sheets, single source, up to 15 metrics, 3+ filters, data model, Moderate interactivity (e.g., slicers, filters) - Some DAX calculations | E44: Medium | F44: =B44&"|"&E44 -> Power BI-Dashboards|Medium | G44: 32 | H44: 16 | I44: 0.5
B45: Power BI-Dashboards | D45: More than 3 sources, up to 10 sheets, overall 20+ metrics, 4+ filters, complex data model, complex transformations using DAX, complex visualizations with customization | E45: Complex | F45: =B45&"|"&E45 -> Power BI-Dashboards|Complex | G45: 64 | H45: 32 | I45: 0.5
B46: Power BI-Dashboards | D46: More than 3 sources, 10 +sheets, overall 20+ metrics, 4+ filters, complex data model, complex transformations using DAX, complex visualizations with customization, RLS, incremental data loading, Automation | E46: Very Complex | F46: =B46&"|"&E46 -> Power BI-Dashboards|Very Complex | G46: 128 | H46: 64 | I46: 0.5
B47: Power BI-Paginated | C47: Power BI - Paginated reports is the process of designing and building detailed, print-ready reports within the Power BI platform, using a dedicated tool called Power BI Report Builder | D47: Basic report with a single dataset, minimal formatting, and no interactivity. Limited use of parameters or filters. Simple pagination. | E47: Simple | F47: =B47&"|"&E47 -> Power BI-Paginated|Simple | G47: 8 | H47: 4 | I47: 0.5
B48: Power BI-Paginated | D48: Intermediate report with 2 datasets, dynamic parameters, and basic filtering. Formatting includes multiple pages and headers/footers. | E48: Medium | F48: =B48&"|"&E48 -> Power BI-Paginated|Medium | G48: 16 | H48: 8 | I48: 0.5
B49: Power BI-Paginated | D49: Complex reports with advanced data models, multiple data sources, calculated columns, and custom visuals. Involves optimization for performance and responsiveness. | E49: Complex | F49: =B49&"|"&E49 -> Power BI-Paginated|Complex | G49: 32 | H49: 16 | I49: 0.5
B50: Power BI-Paginated | D50: Very complex reports with multiple pages, real-time data integration, advanced dynamic filters, custom visuals, and dynamic interactions. Includes integration with external systems or APIs. | E50: Very Complex | F50: =B50&"|"&E50 -> Power BI-Paginated|Very Complex | G50: 64 | H50: 32 | I50: 0.5
B51: Qlik-Dashboards | C51: Qlik Sense Dashboard is the process of designing and building interactive data visualizations, using the Qlik Sense platform, to present key insights and metrics from various data sources in a user-friendly dashboard format, and powerful associative data modelling capabilities | D51: Simple dashboard featuring basic visualizations like bar charts, line graphs, and tables using a single data source. No advanced interactivity or drilldowns. | E51: Simple | F51: =B51&"|"&E51 -> Qlik-Dashboards|Simple | G51: 10 | H51: 6 | I51: 0.5
B52: Qlik-Dashboards | D52: More sophisticated dashboards using multiple visualizations and data sources. Includes basic interactivity like drop-downs or dynamic filtering. | E52: Medium | F52: =B52&"|"&E52 -> Qlik-Dashboards|Medium | G52: 20 | H52: 12 | I52: 0.5
B53: Qlik-Dashboards | D53: Highly interactive dashboard with advanced visualizations, drill-down capabilities, and real-time data feeds. Involves performance optimization and the use of custom expressions. | E53: Complex | F53: =B53&"|"&E53 -> Qlik-Dashboards|Complex | G53: 80 | H53: 32 | I53: 0.5
B54: Qlik-Dashboards | D54: Extremely complex dashboards featuring high interactivity (e.g., drill-downs, dynamic visualizations, real-time data streaming), advanced scripting, and multi-dimensional analytics. | E54: Very Complex | F54: =B54&"|"&E54 -> Qlik-Dashboards|Very Complex | G54: 120 | H54: 40 | I54: 0.5
B55: Qlik-Nprinting | C55: Qlik Sense NPrinting refers to the process of designing and building reports using the Qlik NPrinting tool, which allows users to generate polished, distributable reports based on data from their Qlik Sense applications, essentially taking visualizations and insights from Qlik Sense and transforming them into formatted documents like PDFs, Excel files, or Word documents for wider distribution within an organization | D55: Basic report design with standard layout, few filters, and no dynamic elements. Reports are simple PDF or Excel files. | E55: Simple | F55: =B55&"|"&E55 -> Qlik-Nprinting|Simple | G55: 8 | H55: 4 | I55: 0.5
B56: Qlik-Nprinting | D56: Moderate complexity in report generation with conditional formatting, basic user input handling, and filtering. Moderate automation with scheduled distribution. | E56: Medium | F56: =B56&"|"&E56 -> Qlik-Nprinting|Medium | G56: 16 | H56: 8 | I56: 0.5
B57: Qlik-Nprinting | D57: Complex reports that pull from multiple data sources, with advanced calculations, scripting for report generation, and complex distribution schedules. | E57: Complex | F57: =B57&"|"&E57 -> Qlik-Nprinting|Complex | G57: 32 | H57: 16 | I57: 0.5
B58: Qlik-Nprinting | D58: High-end reporting with full automation, custom templates, multi-source data integration, advanced scripting for dynamic reporting, and custom user interaction features. Typically involves multiple complex workflows and extensive testing. | E58: Very Complex | F58: =B58&"|"&E58 -> Qlik-Nprinting|Very Complex | G58: 64 | H58: 32 | I58: 0.5
B59: Tableau-Dashboards | C59: Tableau dashboard is a collection of charts and graphs that provide a single view of a business's data. It's a tool that helps users analyse, monitor, and measure data from multiple sources | D59: Basic dashboards with pre-defined datasets and minimal visual elements (e.g., bar charts, line graphs). | E59: Simple | F59: =B59&"|"&E59 -> Tableau-Dashboards|Simple | G59: 12 | H59: 6 | I59: 0.5
B60: Tableau-Dashboards | D60: Dashboards with moderate data transformation, calculated fields, and 3-5 interactive filters/actions, parameterized inputs, some calculated fields | E60: Medium | F60: =B60&"|"&E60 -> Tableau-Dashboards|Medium | G60: 24 | H60: 12 | I60: 0.5
B61: Tableau-Dashboards | D61: Advanced dashboards integrating multiple data sources, complex calculations, and dynamic parameters. | E61: Complex | F61: =B61&"|"&E61 -> Tableau-Dashboards|Complex | G61: 48 | H61: 24 | I61: 0.5
B62: Tableau-Dashboards | D62: Enterprise-grade dashboards with real-time data integration, predictive analytics, and extensive UX/UI. | E62: Very Complex | F62: =B62&"|"&E62 -> Tableau-Dashboards|Very Complex | G62: 80 | H62: 32 | I62: 0.5
B63: UI-UX-Figma Design | C63: UI stands for user interface, and UX stands for user experience. UI is the visual elements of a product, while UX is the user's overall experience with the product. | D63: Basic UI design, such as 1-2 static pages/screens with minimal interactions (e.g., login screens, landing pages). | E63: Simple | F63: =B63&"|"&E63 -> UI-UX-Figma Design|Simple | G63: 8 | H63: 2 | I63: 0.5
B64: UI-UX-Figma Design | D64: Design involving multiple pages/screens with some interactive elements(e.g. Hover, buttons), forms, and moderate user flow. | E64: Medium | F64: =B64&"|"&E64 -> UI-UX-Figma Design|Medium | G64: 16 | H64: 4 | I64: 0.5
B65: UI-UX-Figma Design | D65: Designs with advanced user flows, multiple components, animations, and interactive states for each screen | E65: Complex | F65: =B65&"|"&E65 -> UI-UX-Figma Design|Complex | G65: 32 | H65: 6 | I65: 0.5
B66: UI-UX-Figma Design | D66: High-fidelity designs with complex interactions, dynamic UI elements, custom components, and animations. | E66: Very Complex | F66: =B66&"|"&E66 -> UI-UX-Figma Design|Very Complex | G66: 64 | H66: 12 | I66: 0.5
B67: Data Science | C67: Data science is the scientific study of data to gain knowledge and make predictions. It's a multidisciplinary field that combines computer science, mathematics, statistics, and business expertise. Data scientists use tools like algorithms, machine learning, and artificial intelligence to analyse data and create insights. | D67: Basic data analysis and descriptive statistics Linear regression, basic data visualization | E67: Simple | F67: =B67&"|"&E67 -> Data Science|Simple | G67: 16 | H67: 8 | I67: 0.5
B68: Data Science | D68: Intermediate models (e.g., decision trees, k-means clustering) Feature engineering Moderate data cleaning and wrangling | E68: Medium | F68: =B68&"|"&E68 -> Data Science|Medium | G68: 32 | H68: 16 | I68: 0.5
B69: Data Science | D69: Advanced models (e.g., neural networks, SVM) Deep learning and model tuning Large-scale data processing and validation | E69: Complex | F69: =B69&"|"&E69 -> Data Science|Complex | G69: 64 | H69: 32 | I69: 0.5
B70: Data Science | D70: High-performance models for large datasets (e.g., big data solutions) Multi-step workflows with custom algorithms and APIs | E70: Very Complex | F70: =B70&"|"&E70 -> Data Science|Very Complex | G70: 120 | H70: 60 | I70: 0.5
B71: MS Power Apps | C71: MS Power Apps, or Microsoft Power Apps, is a low-code application development platform within Microsoft 365 that allows users to visually create custom business applications without extensive coding knowledge, by utilizing pre-built templates and connectors to integrate with various data sources within an organization; essentially enabling users to build apps for specific business needs with minimal technical expertise | D71: App with 1-2 screens - Basic functionality (e.g., data entry, simple forms) - Single data source, no advanced logic | E71: Simple | F71: =B71&"|"&E71 -> MS Power Apps|Simple | G71: 12 | H71: 6 | I71: 0.5
B72: MS Power Apps | D72: App with 3-5 screens - Moderate functionality (e.g., validations, CRUD operations) - Integration with multiple data sources | E72: Medium | F72: =B72&"|"&E72 -> MS Power Apps|Medium | G72: 24 | H72: 12 | I72: 0.5
B73: MS Power Apps | D73: App with 6+ screens - Advanced functionality (e.g., conditional logic, Power BI integration) - Custom components and workflows | E73: Complex | F73: =B73&"|"&E73 -> MS Power Apps|Complex | G73: 48 | H73: 24 | I73: 0.5
B74: MS Power Apps | D74: Highly dynamic app with real-time updates - Integration with multiple external systems - Custom connectors, complex workflows, and responsive design | E74: Very Complex | F74: =B74&"|"&E74 -> MS Power Apps|Very Complex | G74: 80 | H74: 40 | I74: 0.5
B75: MS Power Automate | C75: Microsoft Power Automate is a cloud-based service that automates repetitive tasks and processes across applications and services. It was previously known as Microsoft Flow. | D75: Basic workflows with a few steps Single trigger and action (e.g., sending email on form submission) | E75: Simple | F75: =B75&"|"&E75 -> MS Power Automate|Simple | G75: 8 | H75: 4 | I75: 0.5
B76: MS Power Automate | D76: Moderate workflows with multiple steps and conditions - Integration with 2-3 applications - Basic error handling | E76: Medium | F76: =B76&"|"&E76 -> MS Power Automate|Medium | G76: 16 | H76: 8 | I76: 0.5
B77: MS Power Automate | D77: Advanced workflows with complex logic, loops, and multiple conditions - Integration with multiple applications, including custom APIs | E77: Complex | F77: =B77&"|"&E77 -> MS Power Automate|Complex | G77: 32 | H77: 16 | I77: 0.5
B78: MS Power Automate | D78: End-to-end workflows with dynamic content, real-time triggers, and approval processes - Integration with external systems, custom connectors, and advanced error handling | E78: Very Complex | F78: =B78&"|"&E78 -> MS Power Automate|Very Complex | G78: 64 | H78: 32 | I78: 0.5
B79: MS CoPilot | C79: Microsoft Copilot is an AI-powered chatbot that helps users be more productive and creative. It's designed to work with Microsoft 365 apps and services, including Word, Excel, PowerPoint, Outlook, and Teams. | D79: Basic CoPilot implementation - Simple guidance and responses - Minimal configuration for single task assistance | E79: Simple | F79: =B79&"|"&E79 -> MS CoPilot|Simple | G79: 10 | H79: 5 | I79: 0.5
B80: MS CoPilot | D80: Moderately configured CoPilot - Integration with 2-3 data sources - Tailored guidance for specific processes/tasks | E80: Medium | F80: =B80&"|"&E80 -> MS CoPilot|Medium | G80: 20 | H80: 10 | I80: 0.5
B81: MS CoPilot | D81: Advanced CoPilot configuration - Multiple integrations (e.g., CRM, ERP) - Customized and dynamic responses with in-depth logic | E81: Complex | F81: =B81&"|"&E81 -> MS CoPilot|Complex | G81: 40 | H81: 20 | I81: 0.5
B82: MS CoPilot | D82: Highly complex CoPilot setup - Enterprise-grade integration with real-time data flow - Advanced customizations for industry-specific workflows | E82: Very Complex | F82: =B82&"|"&E82 -> MS CoPilot|Very Complex | G82: 80 | H82: 40 | I82: 0.5
B83: Gen-AI Knowledge Base | C83: Developing and integrating a comprehensive knowledge base that includes both structured data (e.g., databases) and unstructured data (e.g., documents, PDFs) to facilitate efficient information retrieval and management. | D83: Integrating structured data from a single source. | E83: Simple | F83: =B83&"|"&E83 -> Gen-AI Knowledge Base|Simple | G83: 4 | H83: 2 | I83: 0.5
B84: Gen-AI Knowledge Base | D84: Integrating unstructured data from multiple sources. | E84: Medium | F84: =B84&"|"&E84 -> Gen-AI Knowledge Base|Medium | G84: 8 | H84: 4 | I84: 2
B85: Gen-AI Knowledge Base | D85: Integrating large volumes of unstructured data requiring extensive preprocessing. | E85: Complex | F85: =B85&"|"&E85 -> Gen-AI Knowledge Base|Complex | G85: 16 | H85: 8 | I85: 4
B86: Gen-AI Knowledge Base | D86: Integrating structured data from diverse sources with complex relationships and dependencies. | E86: Very Complex | F86: =B86&"|"&E86 -> Gen-AI Knowledge Base|Very Complex | G86: 32 | H86: 16 | I86: 4
B87: Gen-AI API Development | C87: Designing, developing, and integrating APIs, including Large Language Model (LLM) APIs and other necessary APIs, to enhance application functionality and enable seamless communication between different system components. | D87: Creating basic APIs with limited endpoints and straightforward functionality. | E87: Simple | F87: =B87&"|"&E87 -> Gen-AI API Development|Simple | G87: 8 | H87: 2 | I87: 0.5
B88: Gen-AI API Development | D88: Developing APIs with moderate complexity, including multiple endpoints and some custom features. | E88: Medium | F88: =B88&"|"&E88 -> Gen-AI API Development|Medium | G88: 16 | H88: 4 | I88: 0.5
B89: Gen-AI API Development | D89: Designing and implementing complex APIs with numerous endpoints, custom features, and intricate business logic. | E89: Complex | F89: =B89&"|"&E89 -> Gen-AI API Development|Complex | G89: 32 | H89: 8 | I89: 2
B90: Gen-AI API Development | D90: Developing highly complex APIs involving advanced features, extensive customization, and integration with multiple external systems. | E90: Very Complex | F90: =B90&"|"&E90 -> Gen-AI API Development|Very Complex | G90: 64 | H90: 16 | I90: 8
B91: Gen-AI Prompt Engineering | C91: Crafting and refining prompts to optimize the performance of Large Language Models (LLMs), ensuring accurate and contextually relevant responses in various application scenarios. | D91: Designing basic prompts for straightforward tasks. | E91: Simple | F91: =B91&"|"&E91 -> Gen-AI Prompt Engineering|Simple | G91: 4 | H91: 2 | I91: 0.5
B92: Gen-AI Prompt Engineering | D92: Creating prompts for tasks requiring moderate complexity and contextual understanding. | E92: Medium | F92: =B92&"|"&E92 -> Gen-AI Prompt Engineering|Medium | G92: 8 | H92: 4 | I92: 2
B93: Gen-AI Prompt Engineering | D93: Developing prompts for complex tasks that require deep contextual understanding and nuanced responses. | E93: Complex | F93: =B93&"|"&E93 -> Gen-AI Prompt Engineering|Complex | G93: 16 | H93: 8 | I93: 4
B94: Gen-AI Prompt Engineering | D94: Crafting prompts for highly complex tasks involving multiple layers of context and requiring sophisticated LLM responses. | E94: Very Complex | F94: =B94&"|"&E94 -> Gen-AI Prompt Engineering|Very Complex | G94: 32 | H94: 16 | I94: 4
B95: Gen-AI Security & Access Control | C95: Implementing robust security measures and access control mechanisms to protect application data and ensure that only authorized users have access to specific functionalities and information. This includes authentication, authorization, encryption, and compliance with relevant security standards and regulations. | D95: Implementing basic user authentication mechanisms. | E95: Simple | F95: =B95&"|"&E95 -> Gen-AI Security & Access Control|Simple | G95: 8 | H95: 4 | I95: 1
B96: Gen-AI Security & Access Control | D96: Setting up role-based access controls and data encryption. | E96: Medium | F96: =B96&"|"&E96 -> Gen-AI Security & Access Control|Medium | G96: 16 | H96: 8 | I96: 2
B97: Gen-AI Security & Access Control | D97: Developing comprehensive security protocols and compliance measures. | E97: Complex | F97: =B97&"|"&E97 -> Gen-AI Security & Access Control|Complex | G97: 32 | H97: 16 | I97: 4
B98: Gen-AI Security & Access Control | D98: Conducting security audits and implementing advanced threat detection systems. | E98: Very Complex | F98: =B98&"|"&E98 -> Gen-AI Security & Access Control|Very Complex | G98: 64 | H98: 32 | I98: 8
B99: Gen-AI Performance & Opt | C99: Establishing systems to monitor the application’s performance and optimize as needed. | D99: Setting up basic performance metrics monitoring. | E99: Simple | F99: =B99&"|"&E99 -> Gen-AI Performance & Opt|Simple | G99: 4 | H99: 2 | I99: 1
B100: Gen-AI Performance & Opt | D100: Implementing dashboards and alerts. | E100: Medium | F100: =B100&"|"&E100 -> Gen-AI Performance & Opt|Medium | G100: 8 | H100: 4 | I100: 2
B101: Gen-AI Performance & Opt | D101: Analysing performance data to identify bottlenecks and optimize processes. | E101: Complex | F101: =B101&"|"&E101 -> Gen-AI Performance & Opt|Complex | G101: 12 | H101: 6 | I101: 2
...

Sheet Key RAID
B2: High Level Risk, Assumptions, Issues, Dependencies - Having Impact on the Estimation
B3: #ID | C3: RAID | D3: Description | E3: Impact | F3: Remarks
C4: Risk

Sheet Config
B2: Domain | D2: Practice | F2: Day/Week/Month | G2: Measurement Unit | H2: # | J2: Engagement Type | L2: RAID | N2: Impact | P2: Contingency % | R2: Productivity Adjustment Factor
B3: FS&I - Financial Services & Insurance | D3: Databricks | F3: MD | G3: Hours | H3: 9 | J3: Fixed Price | L3: Risk | N3: Low | P3: 10 | R3: 1.2
B4: H&LS - Healthcare & Life Sciences | D4: MS Fabric/Power BI | F4: MW | G4: Days | H4: 5 | J4: Time & Material | L4: Assumption | N4: Medium | P4: 20 | R4: 1.1
B5: MAN - Manufacturing | D5: Qlik&Talend | F5: MM | G5: Weeks | H5: 4 | L5: Issue | N5: High | R5: 1
B6: PS&D - Public Sector & Defense | D6: Gen-AI | L6: Dependency | R6: 0.95
B7: TMT - Telecom Media & Technology | D7: Data Science | R7: 0.9
B8: R&S - Resources & Services | D8: AWS - Amazon Web Services | R8: 0.85
B9: R&E - Retail & E-Commerce | D9: Azure - Microsoft Azure | R9: 0.8
D10: GCP - Google Cloud Platform | R10: 0.75
D11: Snowflake

Sheet Template Change History
B2: Date | C2: Template Version | D2: Template Revision History | E2: Template Author/Reviser | F2: Template Approver
B3: 45676 | C3: 1 | D3: Initial Version created | E3: Laique Ahmad Shaikh / Prathibha Das | F3: Ramendra & Sudhakar
